{
"gain": {
"u": 1.709784196309193,
"g": 3.8506482081027698,
"r": 4.734978245396379,
"i": 4.939962020576976,
"z": 4.6210547430102284
},
"saturationLevel": {
"u": 61127.66753207275,
"g": 57095.3333885282,
"r": 44415.64281053909,
"i": 41462.06467314342,
"z": 62780.46345646732
},
"darkVariance": {
"u": 9.982371319758688,
"g": 3.8650309760594324,
"r": 1.1965151825014155,
"i": 6.503450449426264,
"z": 3.090647537732281
}
}